valence_speaker,arousal_speaker,dominance_speaker,valence_listener,arousal_listener,dominance_listener,s_word_len,l_word_len,empathy
0.18859999999999996,-0.29100000000000004,0.12039999999999998,0.4140000000000001,-0.10766666666666665,0.22299999999999998,26,16,3
0.26225,-0.026749999999999996,0.013499999999999998,0.5235,-0.05,0.293,21,10,3
0.049142857142857155,0.006285714285714288,-0.17114285714285718,-0.334,0.267,-0.22799999999999998,24,5,1
-0.422,-0.2953333333333334,-0.3566666666666667,-0.583,0.49,-0.192,12,4,2
0.212,0.1525,0.0875,0.466,-0.182,0.18525,10,28,2
0.4653333333333334,0.039000000000000035,0.116,0.31000000000000005,-0.276,-0.1256,20,13,3
0.938,-0.312,0.428,0.3715,0.1945,0.2375,11,19,3
0.562,-0.10559999999999999,-0.01200000000000001,0.239,-0.272,-0.13599999999999998,19,7,3
0.4033333333333333,0.24066666666666667,0.3499999999999999,0.3,-0.22577777777777777,-0.008888888888888884,10,27,3
0.708,0.203,0.514,0.611,0.231,0.19999999999999998,5,4,3
0.876,-0.264,0.068,0.744,0.02,0.778,7,3,2
0.27280000000000004,-0.005599999999999999,0.05720000000000001,0.336,-0.164,-0.236,21,3,2
-0.193,0.06400000000000002,0.08199999999999998,0.166,-0.20900000000000002,-0.344,12,7,3
0.0708,-0.13879999999999998,-0.304,0.062,-0.126,0.104,10,4,1
0.2985,0.10750000000000001,0.1265,0.214,-0.18666666666666665,-0.10333333333333333,13,9,2
-0.12166666666666666,-0.10266666666666668,-0.06866666666666667,-0.05900000000000001,-0.31,-0.21249999999999997,19,11,3
0.812,0.11300000000000002,0.446,-0.42400000000000004,0.21050000000000002,-0.11049999999999999,11,7,2
0.7083333333333334,-0.12433333333333334,0.17900000000000002,0.5505,-0.1965,-0.3725,14,14,3
0.14850000000000002,-0.15450000000000003,-0.01050000000000001,0.25533333333333336,-0.3653333333333333,-0.12266666666666666,15,6,2
0.08350000000000002,-0.28450000000000003,-0.11399999999999999,-0.0024999999999999883,-0.020999999999999984,-0.108,15,14,2
0.25416666666666665,-0.04616666666666667,-0.04250000000000002,0.683,0.466,0.06500000000000002,24,3,2
0.069,0.28250000000000003,-0.059000000000000025,0.279,-0.088,-0.020000000000000004,16,13,1
0.01999999999999999,0.319,-0.242,0.1016,-0.2004,-0.16519999999999999,8,14,3
0.1666,-0.0912,0.0918,-0.16066666666666668,-0.4453333333333333,-0.3546666666666667,19,8,3
0.16977777777777778,-0.15577777777777777,0.020444444444444432,-0.29200000000000004,-0.518,-0.489,33,13,3
0.06771428571428571,-0.04857142857142859,-0.19571428571428573,0.0,0.0,0.0,23,2,2
0.1392727272727273,-0.08254545454545453,0.05290909090909093,0.17155555555555557,0.0991111111111111,0.02666666666666668,23,18,3
0.3504,-0.31679999999999997,0.05319999999999998,0.5026666666666666,0.04022222222222222,0.2726666666666666,14,23,3
0.4832000000000001,-0.22999999999999998,0.1372,-0.05199999999999999,0.034,-0.1265,18,18,3
0.3385,0.0585,0.2145,0.29200000000000004,-0.0405,0.21250000000000002,7,9,1
-0.10400000000000004,-0.223,-0.293,0.15600000000000003,-0.28,-0.21949999999999997,6,13,3
-0.1404,-0.08080000000000001,-0.1744,-0.916,-0.038,-0.64,15,7,3
0.132,-0.008000000000000002,-0.048799999999999975,0.3205,0.0965,0.036000000000000004,16,15,2
0.6773333333333333,0.14333333333333334,0.33466666666666667,0.4076666666666667,-0.05266666666666666,0.11666666666666665,17,17,3
0.08200000000000002,-0.23244444444444445,-0.2242222222222222,0.42200000000000004,-0.322,0.528,19,7,2
0.144,-0.15833333333333333,-0.05133333333333334,0.48350000000000004,-0.148,0.035499999999999976,29,9,3
0.408,0.0,-0.186,-0.144,0.125,-0.163,5,7,2
0.6846666666666666,0.003999999999999999,0.25333333333333335,0.5716666666666667,0.010333333333333342,0.3446666666666666,12,15,3
0.313,-0.144,0.366,0.45,-0.25,0.37999999999999995,8,7,3
0.15015384615384617,-0.12953846153846155,0.11199999999999996,0.5166666666666666,0.10466666666666664,0.08,28,5,2
0.5264,-0.2812,0.010800000000000004,0.448,-0.46,0.586,20,5,2
0.4779999999999999,-0.020285714285714275,0.15057142857142858,0.39799999999999996,-0.011999999999999997,0.104,15,6,3
-0.1457142857142857,-0.22342857142857145,-0.23742857142857146,0.28,-0.074,-0.116,24,7,1
0.631,-0.3495,0.245,0.548,-0.036,0.3873333333333333,19,9,3
0.38885714285714285,-0.22114285714285714,0.1891428571428571,0.7610000000000001,0.0020000000000000087,0.316,11,8,3
0.5124000000000001,0.1396,0.284,-0.29200000000000004,-0.12799999999999997,-0.40900000000000003,12,5,2
0.369,-0.17900000000000002,-0.137,0.62,-0.09600000000000002,0.156,11,8,3
0.14457142857142857,-0.1977142857142857,-0.027714285714285716,0.23480000000000004,-0.1696,0.030400000000000003,25,19,3
0.031333333333333324,-0.4013333333333334,-0.3506666666666666,0.322,-0.07700000000000001,-0.1785,11,10,2
0.30333333333333334,-0.05066666666666666,0.055999999999999994,0.09,-0.2015,0.01949999999999999,10,13,3
0.26049999999999995,0.14650000000000002,0.05999999999999999,-0.938,0.592,-0.51,10,6,2
0.025499999999999967,0.010499999999999995,-0.22399999999999998,0.08000000000000003,0.01266666666666666,0.0040000000000000036,13,8,3
-0.258,-0.055142857142857125,-0.14685714285714285,0.23199999999999998,0.040999999999999995,0.156,16,13,2
-0.854,0.68,-0.414,0.343,-0.14300000000000002,0.264,6,6,3
0.5716,0.042,0.049999999999999996,0.6077142857142857,-0.024285714285714292,0.14971428571428572,16,13,3
0.0,0.0,0.0,-0.416,-0.48,-0.474,1,4,1
0.41,-0.23600000000000002,0.04,-0.552,-0.05600000000000001,-0.308,8,6,2
0.219,-0.34299999999999997,-0.111,0.21200000000000002,-0.05839999999999997,0.014400000000000001,6,10,3
0.1715,0.0085,0.1515,0.643,-0.298,0.471,8,5,3
0.566,0.050000000000000024,0.1392,0.47866666666666663,0.25266666666666665,0.12933333333333333,15,11,3
0.42444444444444446,0.07022222222222221,0.049333333333333326,0.058,-0.462,0.116,33,6,2
0.408,-0.13466666666666668,0.06300000000000001,0.517,-0.158,-0.10900000000000001,15,16,2
0.5312,0.005600000000000005,0.2672,0.3706666666666667,0.08866666666666667,0.2863333333333334,14,12,3
0.375,-0.03,0.543,0.5225000000000001,0.08100000000000002,0.38249999999999995,11,11,2
0.5,0.14200000000000002,0.15,0.615,0.166,0.203,8,7,3
0.4716666666666666,0.09433333333333334,0.040333333333333325,0.502,-0.176,-0.056,12,3,3
0.5433333333333333,-0.1426666666666667,-0.029333333333333322,0.47300000000000003,-0.00449999999999999,0.2825,7,9,3
0.166,-0.228,-0.15466666666666665,0.16333333333333333,-0.3826666666666667,-0.10533333333333333,32,8,3
0.3735,0.13199999999999998,-0.01949999999999999,0.485,-0.12475,0.011999999999999997,10,10,3
0.424,0.526,0.208,0.114,-0.05333333333333332,-0.16800000000000004,6,9,3
-0.267,-0.07666666666666667,-0.17566666666666667,-0.49,0.23,-0.444,14,11,3
0.166,-0.134,-0.07,0.7030000000000001,-0.009000000000000008,-0.06799999999999999,6,4,3
0.524,-0.13133333333333333,0.152,0.46799999999999997,0.27240000000000003,0.248,9,9,3
0.747,0.026000000000000002,0.45,0.86,-0.116,0.3,5,1,1
0.3614285714285714,0.02228571428571428,-0.022285714285714266,-0.53,0.64,-0.574,15,5,3
0.34800000000000003,-0.3626666666666667,0.003333333333333327,0.28085714285714286,-0.1422857142857143,0.003142857142857144,17,21,3
-0.05199999999999999,0.24,-0.13200000000000003,-0.02,0.48,0.146,6,3,1
0.01949999999999999,-0.013999999999999985,-0.020500000000000004,0.27,-0.462,-0.376,12,6,1
0.10266666666666667,-0.3933333333333333,-0.20133333333333336,0.39566666666666667,-0.20450000000000004,0.15866666666666665,10,30,3
0.052000000000000046,0.224,-0.0040000000000000036,0.628,0.25466666666666665,0.5013333333333333,10,9,2
0.29025,-0.047,-0.03250000000000001,0.1985,-0.13399999999999998,0.05000000000000001,18,12,2
0.1325,-0.0985,-0.007500000000000034,0.17,-0.3213333333333333,0.27,15,7,2
0.22050000000000003,-0.18500000000000003,-0.036500000000000005,0.29375,0.17575,0.11875000000000001,20,22,3
-0.224,-0.03733333333333333,-0.01733333333333333,0.30033333333333334,-0.25033333333333335,0.05733333333333334,9,22,3
0.12453333333333336,-0.27613333333333334,-0.12519999999999998,0.612,-0.15933333333333333,-0.05200000000000001,47,14,3
0.35650000000000004,-0.088,0.22199999999999998,0.5806666666666667,-0.15999999999999998,0.22066666666666668,16,5,2
0.7006666666666667,-0.47266666666666673,0.0040000000000000036,0.6073333333333334,-0.12933333333333333,0.16333333333333333,7,6,2
0.19033333333333333,-0.11633333333333334,-0.11183333333333333,0.3317142857142857,-0.312,-0.031714285714285716,34,15,2
0.199,-0.24525,-0.036500000000000005,0.5965,0.15350000000000003,0.3645,19,13,3
0.497,0.041999999999999996,0.019,0.0,-0.212,0.404,7,6,3
-0.08266666666666667,0.06466666666666666,-0.16866666666666666,0.4706666666666666,-0.0313333333333333,0.033999999999999996,14,10,3
0.441,-0.018000000000000002,-0.07499999999999998,0.5339999999999999,-0.14650000000000002,-0.012999999999999998,12,6,2
0.615,0.43000000000000005,0.291,0.042,-0.10466666666666667,-0.10733333333333332,12,10,2
-0.1425714285714286,0.01885714285714285,0.043428571428571434,-0.061,0.399,0.07899999999999999,22,7,2
-0.323,-0.061,-0.207,0.166,-0.20900000000000002,-0.344,8,6,3
0.05699999999999998,-0.06400000000000002,-0.33399999999999996,0.408,0.0,-0.186,10,5,3
0.4066666666666667,-0.03466666666666666,-0.15733333333333333,-0.08599999999999997,-0.23480000000000004,-0.3788,10,8,3
-0.12466666666666666,-0.023333333333333317,-0.04666666666666668,0.062,0.736,0.618,6,8,2
0.164,0.018285714285714284,0.11285714285714284,0.05342857142857144,-0.028142857142857147,-0.063,28,40,3
0.13799999999999998,-0.22999999999999998,0.0492,0.2116,0.007599999999999984,0.16119999999999998,27,13,3
0.0,0.0,0.0,0.43533333333333335,-0.3,0.036000000000000004,9,8,2
0.372,-0.252,-0.011000000000000001,-0.029500000000000012,-0.2255,-0.1705,12,14,1
-0.17300000000000001,0.003500000000000003,-0.1805,0.272,-0.187,-0.095,17,12,3
0.5935,-0.022500000000000006,0.221,0.3436,-0.19119999999999998,0.0844,14,15,3
0.2252,0.020399999999999995,0.036800000000000006,0.12799999999999997,0.21066666666666664,0.13866666666666666,17,13,3
0.17833333333333334,-0.12766666666666668,-0.1456666666666667,0.09999999999999999,-0.004666666666666662,-0.15233333333333332,15,19,3
0.142,-0.288,-0.418,-0.06266666666666666,0.17333333333333334,-0.016666666666666663,9,15,2
0.044,-0.133,0.12,0.3195,-0.1305,-0.02949999999999999,6,21,2
0.04039999999999999,-0.03680000000000001,-0.024,0.13425,-0.05725000000000001,-0.0615,14,22,3
0.18080000000000002,-0.2628,-0.0124,0.36760000000000004,-0.14840000000000003,0.1756,12,10,3
0.463,-0.268,0.45799999999999996,0.6096666666666667,-0.16733333333333333,0.37799999999999995,8,12,3
0.938,0.688,0.15,-0.16066666666666665,-0.027333333333333338,-0.14266666666666664,4,13,3
0.21714285714285714,-0.16171428571428573,-0.156,0.2031428571428571,0.22685714285714287,0.16742857142857145,20,15,3
-0.08466666666666667,-0.42,-0.48199999999999993,0.4833333333333334,0.021333333333333333,0.302,19,5,2
-0.166,-0.25,0.2,0.47520000000000007,-0.033999999999999996,0.2404,1,9,2
0.4089999999999999,-0.14150000000000001,0.05999999999999999,0.03999999999999999,-0.022399999999999996,0.05920000000000001,19,16,3
0.4226666666666667,0.016999999999999987,0.004666666666666662,0.4985714285714286,-0.13942857142857143,0.13142857142857142,22,18,3
0.34240000000000004,-0.09640000000000001,0.009199999999999996,-0.41066666666666657,0.5226666666666667,-0.20933333333333334,12,14,3
-0.49266666666666664,0.23199999999999998,0.19733333333333336,0.101,0.09499999999999999,-0.03,18,8,2
0.493,0.0005000000000000004,0.421,0.20733333333333334,0.018,0.07533333333333335,10,6,3
0.104,-0.0905,-0.032000000000000015,0.41350000000000003,-0.287,0.07299999999999998,9,10,1
0.25153846153846154,-0.10492307692307691,0.07784615384615384,0.5673333333333334,0.01566666666666668,0.13300000000000003,39,13,3
0.321625,-0.12962500000000002,0.07300000000000001,0.47240000000000004,0.024800000000000006,0.1996,44,22,3
0.385,0.10599999999999998,-0.087,0.542,0.462,-0.018,7,3,2
0.47,0.576,-0.014,0.35340000000000005,0.03440000000000001,0.11080000000000001,6,21,3
-0.009999999999999981,-0.27,-0.24100000000000005,0.5553333333333333,-0.05266666666666666,0.132,8,5,2
0.2095,-0.308,0.015499999999999996,0.04466666666666667,-0.49333333333333335,-0.19200000000000003,30,5,3
0.328,-0.3133333333333333,0.04599999999999999,-0.532,-0.07100000000000001,-0.577,10,5,2
0.065,-0.2165,-0.33299999999999996,0.46240000000000003,-0.16160000000000002,0.042799999999999984,8,12,3
0.7493333333333334,-0.17600000000000005,0.032,0.7226666666666667,-0.04800000000000001,0.10399999999999998,11,7,2
0.611,0.031,0.299,0.5545,-0.179,0.3915,7,10,2
0.32199999999999995,-0.3343999999999999,-0.15999999999999998,0.2986666666666667,-0.2273333333333333,-0.04133333333333333,19,8,2
1.0,0.038,0.346,0.726,-0.318,0.247,5,3,2
0.34171428571428575,-0.23085714285714284,-0.04485714285714286,0.5040000000000001,0.17866666666666667,0.15333333333333332,23,12,3
0.4436666666666667,-0.032000000000000015,0.026333333333333334,0.296,0.104,0.05,15,4,1
0.53,0.09272727272727273,0.25727272727272726,0.96,0.794,0.782,31,7,3
0.5265454545454545,-0.2005454545454545,0.12145454545454547,0.38599999999999995,-0.019500000000000003,0.161,28,17,3
0.744,0.02,0.778,0.5353333333333333,-0.13666666666666666,-0.032,10,12,3
0.036666666666666674,-0.283,0.12533333333333332,0.1955,-0.1695,0.02700000000000001,14,16,2
0.4635,0.00449999999999999,0.22049999999999997,0.617,0.0005000000000000004,0.0895,13,11,2
-0.5486666666666666,0.40599999999999997,-0.126,-0.11320000000000001,-0.08280000000000001,-0.21200000000000002,6,11,2
-0.013000000000000001,-0.149,-0.19040000000000004,-0.025999999999999968,0.042,-0.03200000000000001,20,9,3
0.2315,-0.1355,-0.010500000000000002,0.75,0.007999999999999988,0.10399999999999998,9,5,1
-0.26466666666666666,-0.07,-0.15866666666666665,0.023333333333333334,-0.13133333333333333,-0.0013333333333333391,7,6,2
0.5034285714285714,-0.09742857142857142,0.27485714285714286,0.6144999999999999,0.0040000000000000036,0.14,19,9,3
0.823,0.09599999999999997,0.318,0.615,0.038000000000000006,0.08499999999999999,6,6,3
0.44628571428571423,-0.22114285714285714,-0.023714285714285705,0.488,-0.22466666666666668,-0.024000000000000007,18,6,3
0.12933333333333333,-0.168,0.026666666666666672,0.5559999999999999,0.29266666666666663,0.35800000000000004,13,8,3
-0.07666666666666667,0.24266666666666667,-0.2333333333333333,0.125,-0.208,-0.055999999999999994,11,5,2
0.19800000000000004,-0.043333333333333335,-0.17066666666666666,-0.1285,-0.1315,-0.16499999999999998,14,11,2
0.5895000000000001,0.059,0.22500000000000003,0.136,0.11000000000000001,-0.096,11,5,2
0.4202857142857143,0.07,0.1042857142857143,0.604,0.139,0.324,23,7,3
0.5877142857142857,-0.06714285714285714,0.17657142857142857,0.5693333333333334,-0.19933333333333333,0.09933333333333333,13,11,3
0.34766666666666673,-0.034333333333333334,0.09266666666666667,0.03480000000000001,0.0041999999999999815,-0.02680000000000001,25,27,3
0.3091428571428571,0.0922857142857143,0.14485714285714288,0.6464000000000001,0.31120000000000003,0.3336,24,11,3
0.30266666666666664,-0.33266666666666667,0.13466666666666663,0.6950000000000001,-0.243,0.127,6,4,2
-0.5265,0.089,-0.3725,0.0,0.0,0.0,11,3,1
0.4406666666666667,-0.25133333333333335,0.21666666666666667,0.613,-0.319,0.2375,9,10,3
0.4115,-0.12300000000000001,0.07175000000000001,0.907,0.233,0.53,26,8,3
0.17742857142857146,-0.11685714285714287,0.05485714285714286,0.266,-0.18,0.134,22,7,3
0.18630769230769229,-0.06000000000000001,-0.060461538461538455,0.6186666666666666,-0.07,-0.04066666666666666,25,11,3
0.306,-0.49,0.156,0.6031111111111112,-0.1508888888888889,0.23911111111111114,8,20,3
0.288,-0.12933333333333333,0.10133333333333333,0.28200000000000003,-0.1795,0.106,14,19,3
0.40755555555555556,-0.18888888888888888,0.1348888888888889,0.4446666666666667,-0.11866666666666666,0.23866666666666667,26,5,2
0.0012000000000000233,-0.01900000000000001,0.00019999999999998909,0.1632,-0.0896,-0.051600000000000014,30,23,3
-0.017200000000000003,0.0756,0.1068,-0.241,0.03899999999999999,0.16699999999999998,11,6,3
0.08949999999999997,0.12049999999999998,-0.04450000000000001,0.14249999999999996,-0.016000000000000014,0.04049999999999998,12,13,3
0.102,-0.402,0.254,0.745,0.52,0.28900000000000003,8,7,2
0.05300000000000002,-0.214,-0.2976666666666667,-0.418,-0.003333333333333327,-0.22066666666666668,13,8,3
0.49399999999999994,-0.1812,0.2312,0.0,0.0,0.0,14,4,3
0.5365714285714286,-0.019714285714285733,0.026857142857142857,0.52,-0.252,0.286,21,7,3
-0.823,0.548,-0.343,0.28099999999999997,-0.09000000000000001,-0.03633333333333333,9,12,3
0.17150000000000004,0.065,-0.231,0.178,-0.05299999999999999,0.0030000000000000027,15,7,2
0.58,0.1855,0.05149999999999999,0.5305,0.1,0.2135,17,11,3
0.356,0.2255,0.20699999999999996,0.258,-0.227,0.131,13,5,2
0.24875,-0.18375,0.07100000000000001,-0.131,0.314,0.16900000000000004,21,7,3
0.4173333333333333,-0.10466666666666667,0.012666666666666678,0.6925,0.266,0.5269999999999999,11,11,3
0.34950000000000003,-0.066,0.0935,0.5237142857142857,-0.020285714285714285,0.4074285714285714,19,18,3
0.42,-0.013666666666666652,0.2743333333333334,0.20828571428571427,-0.05314285714285715,0.05685714285714286,11,29,3
0.32,-0.45399999999999996,-0.0020000000000000018,0.44899999999999995,0.05800000000000005,0.037000000000000005,4,9,3
0.2886666666666667,-0.13666666666666666,0.013999999999999999,0.812,-0.48,0.09,10,3,1
0.37400000000000005,-0.20885714285714288,0.182,0.834,-0.088,0.482,15,5,3
0.08275,0.0017499999999999946,-0.07275000000000001,0.2866666666666667,0.3706666666666667,0.09866666666666667,17,11,2
0.4575,-0.2,-0.05550000000000001,0.12299999999999998,0.156,-0.067,14,6,2
0.7455999999999999,-0.1452,0.2304,0.28675,-0.010999999999999996,0.07599999999999998,22,17,3
0.124,-0.14,0.346,0.0013333333333333298,-0.126,-0.20533333333333337,5,17,3
0.2812,0.015199999999999986,-0.040400000000000005,0.2956,0.09519999999999999,0.074,16,15,2
0.3216,0.0040000000000000036,-0.18280000000000002,0.364,-0.1015,-0.2685,16,13,2
0.39085714285714285,-0.04228571428571428,0.20714285714285713,0.366,0.1195,0.129,16,17,1
0.15685714285714283,-0.07828571428571429,0.09,-0.010000000000000009,-0.30600000000000005,-0.147,17,7,2
0.3624,0.2536,0.37839999999999996,0.7120000000000001,0.3373333333333333,0.23066666666666671,17,6,3
0.04349999999999998,0.17000000000000004,0.012000000000000004,0.29600000000000004,-0.13340000000000002,-0.0442,11,25,3
-0.474,-0.13,-0.274,0.499,-0.0915,0.1365,7,8,1
0.412,-0.41,0.31533333333333335,0.4566666666666667,-0.008666666666666656,0.20133333333333336,12,12,1
-0.11533333333333333,0.22233333333333336,-0.32633333333333336,0.5693333333333334,-0.07333333333333332,0.028666666666666663,19,6,1
0.5976,-0.3292,-0.088,0.677,-0.197,-0.098,10,4,2
0.24933333333333332,-0.054,0.14800000000000002,-0.5105,-0.1865,-0.384,11,12,3
0.388,-0.385,-0.275,0.009600000000000008,0.3384,-0.050399999999999986,8,16,3
0.13666666666666666,-0.016000000000000004,0.04933333333333333,-0.19699999999999998,0.027,-0.134,21,9,3
0.28359999999999996,-0.23159999999999997,-0.03759999999999999,0.5213333333333333,0.14466666666666667,-0.021333333333333326,13,6,2
0.31688888888888894,0.02288888888888889,0.15155555555555555,-0.26399999999999996,0.524,0.001999999999999997,32,8,2
0.31825000000000003,-0.17650000000000002,-0.046499999999999986,0.6804,-0.0732,0.15760000000000002,21,11,3
0.4228571428571429,-0.2211428571428571,-0.060571428571428575,0.004666666666666648,-0.18733333333333335,-0.2093333333333333,20,9,3
0.18066666666666667,-0.13066666666666665,-0.132,0.166,0.22299999999999998,0.07600000000000001,17,8,3
0.2853333333333334,-0.24433333333333337,0.06233333333333333,0.5559999999999999,-0.19485714285714287,0.11685714285714287,16,21,3
0.2776666666666667,-0.08199999999999999,0.23633333333333337,0.012444444444444445,-0.10888888888888888,-0.10222222222222221,13,18,3
-0.139,0.3175,-0.07350000000000001,0.22,-0.47,-0.26,18,8,1
0.024999999999999994,-0.313,-0.389,0.305,-0.18050000000000002,0.030000000000000002,6,7,2
0.5112,-0.1052,0.0047999999999999935,-0.604,-0.302,-0.404,12,9,3
0.061777777777777806,0.11444444444444445,0.10355555555555555,0.7080000000000001,0.09000000000000001,0.3506666666666667,28,6,2
-0.064,-0.05742857142857143,-0.18257142857142858,-0.876,0.904,0.056,18,7,3
0.2776666666666667,-0.08199999999999999,0.23633333333333337,0.012444444444444445,-0.10888888888888888,-0.10222222222222221,13,18,3
0.15999999999999998,-0.375,-0.059,0.55,0.22099999999999997,0.212,7,6,2
0.466,0.13479999999999998,0.3236,0.45,0.122,0.04933333333333334,14,7,3
0.07250000000000001,0.0040000000000000036,-0.009499999999999988,-0.14,-0.035,-0.06833333333333334,25,20,3
0.4431999999999999,-0.010200000000000004,0.17840000000000003,0.244,-0.45533333333333337,-0.10733333333333334,30,14,3
-0.06699999999999999,-0.03400000000000003,-0.325,0.48,-0.296,0.42,19,5,2
-0.365,0.09,0.03899999999999999,-0.312,0.412,-0.246,8,5,3
0.33749999999999997,0.244,0.16925,0.3539999999999999,0.12133333333333333,0.37333333333333335,25,8,3
0.48750000000000004,0.043500000000000004,0.33099999999999996,0.092,-0.312,-0.18,13,7,2
0.22759999999999997,-0.2292,-0.18119999999999997,0.896,0.68,0.094,9,5,3
-0.243,-0.16999999999999998,-0.32,-0.02733333333333336,0.09666666666666666,0.06066666666666665,9,7,3
0.319,-0.147,0.329,0.208,-0.45,0.032,9,7,1
0.07433333333333332,-0.10166666666666667,-0.06366666666666666,0.15600000000000003,-0.007666666666666655,-0.12533333333333332,20,28,2
-0.938,0.612,-0.404,0.876,-0.264,0.068,6,8,2
0.3933333333333333,-0.062,0.204,-0.22,-0.082,-0.3313333333333333,12,7,3
0.5185,0.075,0.02000000000000001,0.875,0.394,0.235,8,6,3
-0.014666666666666656,0.03200000000000001,0.04766666666666666,-0.08600000000000001,0.0036000000000000034,0.12840000000000001,13,14,3
0.17850000000000002,-0.28049999999999997,-0.18,0.214,-0.262,-0.057999999999999996,11,8,1
0.07200000000000001,-0.09266666666666669,-0.05466666666666667,-0.22533333333333336,0.3013333333333333,-0.11933333333333333,21,7,3
-0.02666666666666667,-0.334,-0.09200000000000001,-0.056000000000000015,0.25000000000000006,0.2484,13,16,2
0.5253333333333333,0.10666666666666669,0.37133333333333335,0.4913333333333334,-0.30066666666666664,-0.0020000000000000018,10,9,3
0.6194999999999999,-0.1205,0.2525,0.3426666666666667,-0.25333333333333335,0.15,19,11,3
0.3376,-0.11480000000000001,-0.10400000000000001,0.728,-0.385,-0.095,15,4,2
0.02199999999999999,-0.1937142857142857,-0.24285714285714285,0.10666666666666667,0.03599999999999998,-0.18266666666666667,24,14,3
0.245,-0.399,-0.1435,0.1008,-0.17400000000000002,-0.002000000000000013,24,16,3
0.21349999999999997,0.050499999999999996,0.088,0.88,0.518,0.5640000000000001,19,5,3
0.5128000000000001,-0.22800000000000004,0.15399999999999997,0.27066666666666667,-0.10266666666666667,0.2093333333333333,13,7,2
0.44499999999999995,-0.5720000000000001,-0.0395,0.21400000000000005,-0.08166666666666668,0.026666666666666658,14,18,1
0.17600000000000002,0.20450000000000002,0.186,0.412,-0.12266666666666666,0.072,9,9,3
-0.3568,-0.3268,-0.22479999999999997,0.48,0.11333333333333333,0.08099999999999999,11,11,3
0.768,0.3835,0.49649999999999994,0.468,-0.23925,0.015249999999999996,16,17,3
0.5429999999999999,0.0015000000000000013,0.536,0.6906666666666667,-0.166,0.3486666666666667,10,13,2
0.572,-0.04,0.304,0.3405,-0.24850000000000003,0.143,2,18,1
0.2645,-0.005500000000000033,0.011500000000000003,0.32599999999999996,-0.378,0.059,18,13,2
0.5802857142857143,-0.2037142857142857,0.07371428571428572,0.42833333333333323,0.12283333333333331,0.2036666666666667,13,37,3
0.5147999999999999,0.1344,0.1948,0.3384,0.08360000000000001,0.23679999999999998,20,8,3
0.662,-0.362,0.32699999999999996,-0.102,0.0,0.018,8,5,2
-0.264,0.34700000000000003,0.113,0.07319999999999999,0.11280000000000004,0.1528,10,15,3
0.15485714285714286,-0.18171428571428572,-0.136,0.52,-0.094,-0.404,22,7,1
0.35771428571428576,0.2911428571428572,0.1722857142857143,0.6074999999999999,0.21,0.20199999999999999,16,8,2
0.388,0.082,0.434,0.166,-0.20900000000000002,-0.344,6,6,3
0.464,-0.164,0.13833333333333334,0.641,-6.938893903907228e-18,0.20500000000000002,14,9,3
0.832,-0.352,0.124,0.96,0.794,0.782,6,8,3
0.44700000000000006,-0.24933333333333338,0.079,0.0,0.0,0.0,15,4,1
0.030000000000000027,0.15960000000000002,0.08679999999999999,-0.16666666666666666,-0.05133333333333336,0.04933333333333332,13,9,3
0.08133333333333337,-0.13266666666666668,-0.3273333333333333,-0.15999999999999998,-0.23500000000000001,-0.182,8,4,1
0.2164,0.3048,-0.0304,0.35533333333333333,0.06866666666666665,0.018666666666666682,24,15,2
0.6211428571428571,0.14400000000000004,0.25114285714285717,0.3893333333333333,-0.09133333333333336,0.297,11,15,2
-0.232,0.368,0.010999999999999996,0.11266666666666665,-0.126,0.18733333333333335,14,9,2
0.3897142857142857,-0.15114285714285716,-0.007714285714285713,0.495,-0.29400000000000004,0.048,18,10,3
0.5024,0.0764,0.4016,-0.878,0.574,-0.326,15,3,2
0.3982857142857144,0.20857142857142857,0.07571428571428572,1.0,0.038,0.346,26,3,1
-0.019999999999999997,0.158,0.103,0.5980000000000001,-0.023999999999999994,0.29000000000000004,2,10,2
0.4048888888888888,-0.1891111111111111,0.13533333333333333,0.896,-0.138,0.186,22,4,2
-0.07039999999999999,-0.11600000000000003,0.05719999999999999,0.792,-0.14200000000000002,0.251,10,4,1
0.49,-0.06399999999999999,0.093,0.29066666666666663,-0.060000000000000005,0.16533333333333333,8,8,2
0.25,-0.21000000000000002,-0.14300000000000002,0.646,0.126,0.339,15,7,2
0.28036363636363637,-0.051272727272727275,-0.07236363636363637,0.1276,-0.048799999999999996,-0.1252,28,10,2
0.19999999999999998,-0.232,-0.3193333333333333,0.042,-0.03266666666666668,-0.20533333333333334,9,7,2
0.4165,-0.12300000000000001,0.1755,0.7424999999999999,0.09199999999999998,0.3395,23,8,3
0.591,-0.06099999999999999,0.504,0.235,0.07199999999999998,-0.14300000000000002,7,6,2
0.42175000000000007,-0.11825,0.17725,0.19920000000000004,0.0896,0.2512,21,13,3
0.12155555555555558,-0.11,-0.031333333333333324,0.5995,-0.14900000000000002,0.1455,25,11,3
0.32999999999999996,-0.3875,-0.118,0.3494999999999999,-0.19999999999999998,0.03333333333333335,9,21,3
0.7366666666666667,-0.10866666666666669,0.27133333333333337,0.10500000000000002,-0.0175,0.0385,13,16,3
0.574,-0.09533333333333338,0.18866666666666665,0.34,0.096,0.072,18,4,2
0.753,-0.311,0.017,0.46499999999999997,-0.07750000000000001,0.241,11,12,3
0.47479999999999994,-0.0040000000000000036,0.4192,0.10799999999999998,0.2515,0.16725000000000004,13,19,2
0.15349999999999997,-0.2685,0.027500000000000024,0.4653333333333333,-0.13733333333333334,0.055333333333333325,9,11,2
0.537,0.088,0.186,0.4064444444444445,-0.30444444444444446,-0.03133333333333334,9,23,3
0.2156,-0.15360000000000001,-0.0364,0.37533333333333335,-0.16666666666666666,-0.2986666666666667,9,9,3
0.281,-0.097,0.03499999999999999,0.3235,-0.21599999999999997,0.1295,18,12,3
0.047428571428571424,-0.08657142857142856,-0.007142857142857141,0.2545714285714286,0.11942857142857144,0.061142857142857145,24,20,3
-0.03000000000000001,-0.11133333333333335,-0.25866666666666666,0.142,-0.38,-0.036,8,4,3
0.27428571428571435,-0.27171428571428574,0.015142857142857137,0.1326666666666667,-0.38933333333333336,-0.06316666666666668,16,39,3
0.074,0.146,0.302,-0.17766666666666667,0.21166666666666664,-0.155,11,11,3
-0.552,-0.666,-0.472,0.9,0.584,0.578,9,7,3
-0.166,-0.245,-0.441,0.136,0.11000000000000001,-0.096,6,5,1
0.6326666666666667,-0.16066666666666668,0.13133333333333333,0.5080000000000001,-0.007333333333333335,0.212,8,7,2
0.101,-0.139,-0.09050000000000001,0.34,0.096,0.072,11,4,2
0.3685,-0.1495,-0.050499999999999996,0.29542857142857143,-0.15771428571428572,-0.0014285714285714299,18,13,3
0.23600000000000002,-0.031,0.102,0.102,-0.3,-0.086,4,6,2
0.18460000000000004,-0.042199999999999994,0.0538,0.5259999999999999,0.037,0.11399999999999999,29,12,3
0.4597142857142857,-0.2302857142857143,0.1542857142857143,0.306,-0.166,0.0,14,3,3
0.152,-0.1615,-0.068,-0.604,0.104,-0.384,16,5,2
0.19066666666666668,-0.09266666666666667,0.13066666666666668,0.16199999999999998,0.017000000000000015,0.247,7,8,2
-0.1275,0.36050000000000004,-0.121,0.23299999999999998,0.1275,0.1305,11,23,2
0.07546666666666665,-0.1628,-0.15400000000000003,0.31239999999999996,-0.18160000000000004,0.11239999999999999,31,13,3
0.24200000000000005,-0.04040000000000001,-0.016400000000000005,0.187,-0.016999999999999987,0.13,20,6,2
0.265,0.001999999999999974,0.29,0.1748,0.06360000000000002,0.08639999999999999,9,9,3
0.126,-0.28800000000000003,-0.19999999999999998,0.384,-0.25685714285714284,0.09914285714285713,13,17,2
0.47433333333333344,-0.14666666666666667,0.06933333333333334,-0.1895,0.1275,-0.179,19,18,3
0.422,0.08099999999999999,0.19866666666666669,-0.24000000000000002,0.481,0.26,16,6,2
0.5451428571428572,-0.020571428571428567,0.3605714285714286,0.34819999999999995,-0.20500000000000002,0.22139999999999996,18,34,2
0.33666666666666667,-0.006666666666666636,-0.016666666666666663,0.0,0.0,0.0,12,1,2
0.49200000000000005,-0.38200000000000006,0.08466666666666667,0.18866666666666668,-0.19200000000000003,0.09166666666666666,12,14,3
0.5824999999999999,-0.385,-0.006499999999999992,0.3153333333333333,-0.24133333333333332,-0.158,10,6,3
0.38800000000000007,-0.08666666666666667,-0.01933333333333333,0.20466666666666664,-0.24866666666666667,-0.13466666666666668,15,11,2
-0.17933333333333334,0.18933333333333335,-0.03066666666666666,0.26166666666666666,-0.039,0.20666666666666667,6,19,3
0.34709090909090906,-0.2123636363636364,0.068,0.758,-0.021000000000000005,-0.0020000000000000018,29,6,3
0.04049999999999997,0.006750000000000006,0.09825,0.0855,0.10300000000000004,-0.11749999999999998,31,7,1
0.08066666666666664,-0.3973333333333333,-0.21066666666666667,0.166,-0.20900000000000002,-0.344,16,4,1
0.05299999999999997,0.122,-0.13766666666666666,0.37549999999999994,0.14600000000000002,0.1665,17,10,2
-0.076,-0.063,-0.09049999999999998,-0.010399999999999998,-0.11440000000000002,-0.0748,12,18,3
0.37266666666666665,-0.17633333333333334,0.17300000000000001,0.2636,0.0019999999999999905,-0.006,16,15,3
0.5505,-0.28400000000000003,0.030999999999999986,0.6773333333333333,0.3006666666666667,0.204,10,12,3
-0.012000000000000002,-0.06133333333333332,0.08666666666666667,0.48466666666666663,-0.13999999999999999,0.21533333333333335,24,13,2
0.20299999999999999,-0.38649999999999995,0.036,0.24266666666666667,-0.3373333333333333,0.06533333333333334,9,6,1
-0.17975,0.03175,-0.08225,0.235,-0.357,0.05949999999999997,20,13,3
0.198,0.455,0.126,-0.40700000000000003,0.339,0.128,6,8,2
0.47400000000000003,-0.11399999999999999,0.012000000000000002,-0.3926666666666667,0.09399999999999997,-0.10200000000000002,13,11,2
0.2991428571428571,-0.13914285714285715,0.004571428571428574,-0.2872,-0.292,-0.4588,18,18,3
0.46199999999999997,-0.060249999999999984,0.024250000000000008,0.361,0.09000000000000001,0.030999999999999996,21,6,2
0.08000000000000003,0.05666666666666668,-0.14266666666666666,0.1225,-0.1645,-0.19499999999999998,9,10,3
0.3664444444444445,0.10533333333333333,0.22355555555555556,-0.030750000000000003,-0.1365,-0.214,32,22,3
0.2611111111111111,0.2002222222222222,0.16244444444444442,0.9079999999999999,0.45,0.382,20,12,2
0.28,-0.074,-0.116,0.42749999999999994,-0.21200000000000002,0.21999999999999997,9,19,3
-0.129,0.106,-0.10899999999999999,-0.049,-0.205,-0.07150000000000002,11,21,3
0.36850000000000005,0.02525000000000001,0.195,0.08850000000000001,-0.11375000000000002,-0.00025000000000002104,15,19,3
0.28,-0.202,0.157,0.09400000000000003,0.16899999999999998,0.20500000000000002,13,11,3
0.1436666666666667,-0.07166666666666667,0.05333333333333334,0.11200000000000002,-0.0258,-0.125,26,22,2
0.034,-0.55,-0.424,0.4103333333333334,-0.17333333333333334,0.08466666666666667,7,17,1
0.5413333333333333,-0.08066666666666666,0.07333333333333333,0.5825714285714286,0.016571428571428563,0.13542857142857143,12,14,2
0.558,-0.065,-0.097,-0.08666666666666667,-0.03333333333333335,0.12,6,10,3
0.51875,-0.152,0.0635,0.708,0.23300000000000004,0.014999999999999986,23,4,2
0.43933333333333335,-0.32,-0.266,0.7108,0.05400000000000001,0.1888,7,15,3
0.4663333333333333,0.016666666666666673,0.30033333333333334,0.34,0.096,0.072,13,6,3
0.09385714285714286,-0.08371428571428571,-0.09457142857142857,0.15422222222222226,-0.028666666666666667,-0.18577777777777776,42,21,2
0.6900000000000001,-0.20499999999999996,0.1975,0.556,-0.05933333333333335,0.13533333333333333,13,7,2
0.39649999999999996,-0.2865,0.13399999999999998,0.158,-0.12666666666666668,-9.25185853854297e-18,10,8,3
0.5315,-0.16,0.267,0.392,-0.10900000000000001,-0.109,13,12,2
0.4895,-0.14900000000000002,0.1485,0.177,-0.17750000000000005,-0.0435,14,9,3
0.5453333333333333,-0.17400000000000002,0.17933333333333334,0.48850000000000005,-0.138,0.164,14,9,2
0.552,-0.2545,0.157,0.8979999999999999,0.137,0.509,7,4,3
0.39999999999999997,0.18085714285714288,0.27399999999999997,0.435,0.075,0.18233333333333335,18,13,3
0.4676666666666667,-0.2813333333333333,0.004999999999999995,0.43,-0.077,0.261,24,2,2
0.06,0.0028333333333333314,-0.07666666666666667,0.102,-0.3,-0.086,23,5,2
0.915,0.653,0.177,0.365,-0.28400000000000003,0.042,12,6,1
0.812,0.674,0.698,0.9099999999999999,0.623,0.666,5,4,3
0.28950000000000004,-0.136,0.058499999999999996,0.0,0.0,0.0,12,6,3
0.31999999999999995,-0.084,0.173,0.41700000000000004,-0.11450000000000002,0.352,14,8,3
0.012500000000000008,0.009999999999999981,-0.1555,0.206,-0.3,0.07200000000000001,14,14,3
0.2645,-0.2605,0.0965,0.836,-0.52,0.236,20,3,3
0.22125000000000003,-0.179,-0.0945,0.4566666666666666,0.008888888888888892,0.1522222222222222,17,21,3
0.27,0.38,0.226,0.6852,0.08,0.35480000000000006,2,13,2
0.16377777777777783,-0.16266666666666665,0.10466666666666664,0.5786666666666667,-0.03466666666666667,0.28133333333333327,29,10,3
0.6008000000000001,0.031599999999999996,0.1812,0.7839999999999999,0.144,0.316,11,7,3
0.085,-0.324,-0.07133333333333332,0.177,-0.222,0.017,11,5,2
0.37600000000000006,-0.18566666666666665,0.28833333333333333,0.42400000000000004,-0.168,0.40900000000000003,21,8,2
0.6115999999999999,-0.11520000000000001,0.3348,0.3805,-0.2225,0.1875,5,16,3
0.19,0.028222222222222235,-0.0033333333333333487,0.704,0.235,0.17900000000000002,30,9,2
0.37228571428571433,-0.019999999999999997,0.04971428571428571,0.3896,-0.07039999999999999,0.18959999999999996,11,10,3
0.20028571428571426,-0.262,-0.14657142857142857,0.18280000000000002,-0.08719999999999999,-0.039999999999999994,41,13,3
0.44527272727272726,-0.1369090909090909,-0.02927272727272728,0.0726666666666667,0.19866666666666666,0.18533333333333335,31,5,2
0.5900000000000001,-0.265,0.187,0.2705,-0.23199999999999998,-0.08500000000000002,11,13,1
0.646,-0.216,-0.242,0.166,-0.20900000000000002,-0.344,6,7,3
0.0555,-0.262,-0.0955,0.3566666666666667,0.06133333333333333,0.009999999999999995,9,5,3
0.21080000000000002,-0.2314,-0.10740000000000001,0.10720000000000002,-0.07440000000000001,-0.0448,25,36,3
0.17040000000000002,-0.21880000000000002,-0.05279999999999999,0.7639999999999999,-0.24,0.3233333333333333,12,10,2
-0.41000000000000003,0.028999999999999998,-0.239,0.20866666666666667,-0.28200000000000003,-0.06,13,15,2
0.13266666666666668,-0.3906666666666667,-0.214,0.591,0.11300000000000002,0.11500000000000002,13,11,3
0.05039999999999998,-0.1552,-0.2664,0.435,-0.09500000000000001,-0.132,9,10,2
0.926,0.208,0.178,-0.09266666666666666,-0.08977777777777779,-0.16577777777777775,6,27,3
-0.45133333333333336,-0.07666666666666666,-0.31,0.222,-0.29933333333333334,-0.316,7,11,3
0.102,-0.3,-0.086,-0.271,0.176,-0.07100000000000001,5,7,2
0.53,0.11099999999999999,0.101,0.2082,0.1156,0.13340000000000002,10,25,3
0.05200000000000002,0.13,0.089,-0.15333333333333332,0.19266666666666665,-0.218,14,7,3
0.5356666666666666,-0.09966666666666667,0.17666666666666667,0.35327272727272735,0.08345454545454543,0.1954545454545455,23,30,3
0.010285714285714296,-0.24257142857142858,-0.02428571428571429,0.744,0.02,0.778,27,4,1
0.508,0.18866666666666668,0.2853333333333334,0.3745,-0.04149999999999998,0.064,9,15,3
-0.10800000000000001,0.19600000000000004,-0.237,0.744,-0.30300000000000005,0.065,8,5,3
-0.1145,-0.03749999999999999,-0.3205,0.5365,-0.05499999999999999,-0.0925,11,14,3
-0.0032000000000000028,-0.364,-0.386,0.0995,-0.2525,-0.14850000000000002,10,14,2
-0.023999999999999966,0.13500000000000004,-0.0020000000000000018,0.606,-0.057499999999999996,0.233,9,7,2
-0.1675,0.06449999999999999,-0.10500000000000001,0.0,0.0,0.0,9,2,2
0.14040000000000002,-0.04560000000000001,-0.06919999999999998,0.07500000000000001,-0.040000000000000015,-0.008249999999999993,12,17,3
0.4126666666666667,-0.25133333333333335,-0.010666666666666666,0.5957499999999999,-0.024,0.16525,7,13,3
0.2068,-0.17120000000000002,-0.15399999999999997,0.27108333333333334,-0.020000000000000007,0.15333333333333335,19,56,3
-0.1608,0.2576,0.022,-0.4135999999999999,0.36079999999999995,-0.2572,15,9,2
0.168,0.05519999999999999,0.2056,-0.056000000000000015,0.09533333333333334,0.21933333333333335,21,8,3
0.2446666666666667,0.3046666666666667,0.152,0.859,0.475,0.332,14,4,3
-0.364,-0.03349999999999999,-0.1755,0.714,0.031,0.319,16,8,2
0.16114285714285717,-0.2025714285714286,-0.11257142857142859,0.0904,-0.04960000000000001,0.0036000000000000034,23,13,3
0.48400000000000004,-0.05333333333333332,0.1423333333333333,0.47285714285714286,0.031714285714285716,0.13599999999999998,19,19,3
0.586,0.004499999999999997,0.07150000000000001,0.6733333333333333,-0.26666666666666666,0.064,12,10,3
-0.03163636363636364,0.056181818181818194,0.03799999999999999,0.29233333333333333,-0.10733333333333332,0.0076666666666666645,21,12,2
0.5425,0.18000000000000002,0.34099999999999997,0.49066666666666664,0.05000000000000001,0.35200000000000004,10,8,3
0.48666666666666664,0.08066666666666666,-0.162,0.685,-0.154,0.217,15,4,2
0.383,-0.29500000000000004,-0.08149999999999999,0.571,-0.12000000000000001,0.09799999999999999,9,4,2
0.148,-0.1176666666666667,-0.126,0.484,-0.205,0.2603333333333333,28,13,3
0.22866666666666668,-0.05233333333333332,0.16366666666666668,0.5835,-0.155,0.33899999999999997,30,14,3
0.438,-0.462,-0.222,0.5512,-0.0596,0.1748,10,11,3
0.5646666666666667,-0.262,0.0026666666666666505,0.5408000000000001,-0.11840000000000002,-0.027600000000000003,13,13,3
0.3748,-0.256,-0.03480000000000001,0.2333333333333333,0.10466666666666667,-0.05133333333333334,13,12,3
0.31600000000000006,-0.23399999999999999,-0.05899999999999999,0.86,0.452,0.55,10,5,3
0.4665714285714285,-0.14085714285714288,0.04771428571428572,-0.312,0.412,-0.246,23,6,2
0.18,-0.044,0.037,-0.17800000000000002,-0.14,-0.24866666666666667,12,12,3
0.11749999999999998,0.172,-0.034499999999999975,-0.03350000000000001,-0.007499999999999993,0.058,13,22,3
0.27660000000000007,-0.09400000000000001,0.07519999999999998,0.604,0.204,0.192,22,5,3
-0.11066666666666669,0.02566666666666668,0.02033333333333334,-0.306,-0.08666666666666667,-0.138,19,12,3
0.307,-0.175,0.074,0.5113333333333334,-0.009555555555555546,-0.03666666666666666,19,16,3
-0.571,0.7170000000000001,-0.023999999999999997,0.876,-0.264,0.068,10,3,1
0.198,0.007999999999999993,0.072,-0.084,0.54,0.66,12,6,2
0.21000000000000002,-0.09875,0.06574999999999998,-0.18749999999999997,0.16299999999999998,-0.0845,25,9,2
0.5524444444444445,-0.012444444444444445,0.13244444444444448,0.739,0.184,0.54,21,8,3
0.6388,-0.0516,0.11680000000000001,0.22244444444444447,-0.051333333333333335,-0.03533333333333333,11,20,3
0.43499999999999994,-0.0295,0.12400000000000001,0.39033333333333325,-0.031000000000000003,0.24966666666666668,14,13,3
0.12525,-0.28575,-0.1275,0.478,-0.23,0.297,21,15,3
0.42300000000000004,-0.13249999999999998,0.16799999999999998,0.2872,0.2452,0.1584,25,12,3
0.6115,0.15,0.252,0.76,0.056,0.342,15,3,2
0.062000000000000006,-0.111,0.07699999999999999,0.4506666666666666,0.03866666666666666,0.18566666666666667,14,17,3
0.2454285714285714,-0.15371428571428572,0.0017142857142857118,-0.146,-0.051,0.028499999999999998,24,16,3
0.11480000000000001,-0.16599999999999998,-0.10840000000000001,-0.2273333333333333,-0.039666666666666676,-0.06,11,15,2
0.24309090909090908,-0.17254545454545459,-0.17800000000000002,0.677,0.465,0.015000000000000013,17,5,3
0.39633333333333337,-0.09366666666666663,-0.08933333333333332,0.26999999999999996,-0.06133333333333333,-0.26166666666666666,17,16,3
0.521,-0.12250000000000001,0.3675,0.06566666666666668,-0.09366666666666668,0.020666666666666667,22,13,3
0.5433333333333333,-0.09133333333333334,0.003333333333333336,0.5317777777777778,-0.053999999999999986,0.14088888888888892,9,16,3
0.18066666666666664,0.10799999999999998,0.07533333333333335,0.4673333333333334,-0.30466666666666664,0.08266666666666667,21,11,3
0.2548,-0.32199999999999995,-0.13079999999999997,0.2476,-0.202,-0.0692,23,13,3
0.6559999999999999,0.049,0.0525,0.336,-0.164,-0.236,11,5,2
0.848,-0.08600000000000001,0.11099999999999999,0.41479999999999995,-0.284,0.1544,5,25,3
0.5559999999999999,-0.040399999999999985,0.364,0.562,0.164,0.378,17,4,3
0.5128,-0.1788,0.18719999999999998,0.212,-0.32,-0.11800000000000001,12,6,2
0.20866666666666667,-0.054888888888888876,0.12177777777777776,0.876,0.52,0.48,25,7,3
0.6153333333333334,0.17466666666666666,0.24666666666666667,0.48,-0.236,-0.288,11,9,3
-0.010000000000000009,0.091,-0.258,-0.53,0.086,-0.334,5,6,3
0.0893333333333333,3.700743415417188e-17,-0.10866666666666668,0.054000000000000006,0.004000000000000015,-0.020800000000000006,12,13,3
-0.224,-0.063,-0.158,-0.916,0.4,-0.23,12,6,2
0.446,-0.1308,0.23279999999999998,0.2703636363636363,-0.00890909090909092,0.22036363636363634,18,42,3
0.34700000000000003,-0.23199999999999998,0.05149999999999999,0.06240000000000001,0.16440000000000002,0.10520000000000003,23,13,3
-0.15200000000000002,-0.135,-0.1935,0.16333333333333325,0.15866666666666665,0.18066666666666673,11,10,3
0.229,-0.0806,0.005599999999999991,0.33599999999999997,0.376,0.41100000000000003,24,6,3
0.1888,0.12879999999999997,0.023200000000000002,0.886,0.597,0.764,17,10,3
0.844,0.133,0.27599999999999997,0.558,-0.03,0.132,3,7,2
0.3454,-0.2968,0.1204,0.6837142857142858,-0.11971428571428569,0.16514285714285717,24,21,3
-0.05685714285714286,-0.05142857142857143,-0.1542857142857143,-0.876,0.904,0.056,24,3,3
0.198,-0.21319999999999997,0.2152,0.3831666666666667,-0.0595,0.04300000000000001,15,24,3
-0.010799999999999987,-0.05800000000000001,-0.07599999999999998,0.5820000000000001,-0.0315,0.293,15,13,3
0.399,-0.175,0.0,0.5339999999999999,-0.14650000000000002,-0.012999999999999998,10,7,2
0.5369999999999999,-0.29500000000000004,-0.117,0.22649999999999995,-0.27,-0.1095,10,11,2
0.3625,-0.06925,-0.027750000000000004,-0.285,0.376,0.18400000000000002,18,11,3
0.3045,-0.2865,0.11149999999999997,0.5559999999999999,-0.144,0.32266666666666666,8,6,3
0.246,-0.3175,-0.092,0.2913333333333333,-0.19933333333333333,0.082,18,21,3
0.286,-0.36333333333333334,0.028000000000000008,0.586,0.0715,-0.0225,12,6,2
0.449,-0.17,0.15799999999999997,0.25666666666666665,-0.15666666666666665,0.09399999999999999,11,8,3
-0.386,0.189,-0.325,0.21400000000000005,-0.08166666666666668,0.026666666666666658,7,18,1
0.7988571428571428,-0.12942857142857142,0.14799999999999996,0.52,-0.12399999999999999,0.11044444444444446,20,30,3
0.1545263157894737,-0.26536842105263164,-0.13021052631578947,0.876,-0.264,0.068,53,13,3
0.413,-0.11666666666666665,0.16433333333333333,0.26176,-0.0928,0.15424000000000002,29,77,3
0.17200000000000001,-0.2845,-0.09249999999999999,0.8464999999999999,-0.1705,0.3315,16,9,3
0.764,-0.006000000000000005,0.34099999999999997,-0.029500000000000002,-0.25,-0.10350000000000001,5,12,3
0.0,0.0,0.0,0.48,0.188,0.334,5,8,2
0.32599999999999996,-0.07433333333333332,-0.05933333333333335,0.5688000000000001,0.0011999999999999956,0.098,14,15,3
0.916,-0.294,0.052,0.204,-0.2365714285714286,-0.072,3,15,3
0.27649999999999997,-0.2565,-0.07899999999999999,0.916,0.33,0.62,14,2,3
-0.131,-0.07,0.14950000000000002,-0.604,-0.302,-0.404,18,8,3
0.1713333333333333,-0.06533333333333334,0.204,0.482,0.38066666666666665,0.19399999999999998,9,10,3
0.3134666666666666,-0.2212,0.03973333333333333,0.24500000000000002,-0.08433333333333332,0.17066666666666663,29,22,3
0.26563636363636367,-0.31818181818181823,0.13527272727272727,0.3702857142857144,-0.018571428571428565,0.054285714285714284,26,19,3
0.03626666666666667,0.02066666666666666,-0.0328,-0.013499999999999998,-0.15600000000000003,-0.1375,26,9,3
-0.098,-0.08885714285714286,-0.23942857142857138,-0.10200000000000004,-0.196,-0.39099999999999996,17,8,2
-0.21799999999999997,0.3066666666666667,0.10099999999999999,0.13400000000000004,-0.007999999999999998,0.09066666666666666,10,11,2
0.22866666666666668,-0.341,-0.19599999999999998,0.376,-0.11549999999999999,-0.010750000000000006,17,17,3
0.08000000000000003,0.05666666666666668,-0.14266666666666666,0.1225,-0.1645,-0.19499999999999998,9,10,3
0.1592,0.01720000000000001,-0.22200000000000003,-0.65,0.32266666666666666,-0.43933333333333335,12,10,3
0.054400000000000004,-0.3588,-0.16440000000000002,0.41600000000000004,-0.15520000000000003,0.1416,12,20,3
0.3646315789473684,-0.13863157894736844,0.03389473684210527,0.33890909090909094,-0.11309090909090912,0.015090909090909101,44,21,3
1.0,0.47,0.544,1.0,0.47,0.544,6,5,3
0.45,-0.31,0.298,0.238,-0.43533333333333335,-0.35200000000000004,8,17,3
0.611,0.031,0.299,0.7279999999999999,0.11866666666666668,0.484,7,6,3
0.24824999999999997,-0.2905,0.0062500000000000056,0.2542857142857143,-0.27885714285714286,-0.047428571428571424,27,24,3
0.5616666666666666,0.15933333333333333,0.008666666666666665,0.533,-0.09000000000000001,0.20799999999999996,18,8,3
0.007600000000000001,-0.15299999999999997,-0.07460000000000001,0.448,-0.312,0.03733333333333333,30,6,2
-0.184,-0.236,-0.118,0.536,0.09999999999999999,0.10999999999999999,6,9,3
0.5072,0.08080000000000001,0.17520000000000002,0.34199999999999997,-0.2908,0.026399999999999996,24,11,2
0.2551111111111111,0.059777777777777784,0.04311111111111112,-0.38,-0.022,-0.3012,34,13,1
0.17850000000000002,-0.28049999999999997,-0.18,0.729,-0.081,0.33499999999999996,11,6,1
0.4837142857142857,-0.03114285714285714,0.09457142857142856,0.24333333333333332,-0.06533333333333331,-0.07133333333333333,17,22,3
0.28,-0.30766666666666664,-0.18599999999999997,-0.10200000000000002,-0.033333333333333326,-0.39333333333333337,22,9,3
0.2643333333333333,-0.2783333333333333,0.08933333333333333,-0.0675,-0.228,-0.1775,16,7,2
-0.12199999999999998,0.03266666666666665,0.030666666666666658,0.322,-0.05333333333333334,0.15266666666666664,11,13,2
0.21466666666666667,-0.12766666666666662,0.219,0.20155555555555557,-0.0628888888888889,0.01822222222222222,21,21,3
0.322,-0.030800000000000004,0.1528,0.6132,-0.08600000000000001,0.1464,20,11,1
0.5813333333333334,0.05933333333333333,0.4266666666666666,0.5793333333333334,0.0873333333333333,0.206,9,9,2
0.014285714285714282,-0.11057142857142858,-0.12742857142857145,0.48000000000000004,-0.23,-0.009499999999999993,40,14,3
-0.046799999999999994,0.1508,0.042,-0.876,0.0,-0.414,15,3,3
-0.18133333333333335,0.128,-0.09466666666666666,0.187,-0.358,0.062,10,6,3
0.1965,-0.017499999999999988,0.098,-0.06428571428571427,-0.092,0.0822857142857143,17,19,3
0.08155555555555555,0.03133333333333333,-0.05111111111111112,0.687,-0.16699999999999998,0.125,16,17,3
0.916,-0.294,0.052,-0.0804,0.024399999999999998,-0.11159999999999999,8,9,1
0.7316,-0.21200000000000002,-0.08480000000000001,0.657,-0.32799999999999996,0.016999999999999998,16,6,2
-0.21949999999999997,0.1845,-0.1545,-0.494,0.20733333333333334,-0.2806666666666667,6,7,2
0.5625714285714286,-0.06057142857142857,0.23885714285714288,0.19,0.03199999999999999,-0.10550000000000002,21,8,2
0.48,0.17,0.152,0.876,-0.264,0.068,14,2,1
0.521,0.12250000000000001,0.28800000000000003,0.6052,0.09560000000000005,0.15960000000000002,12,10,3
0.4725,-0.1365,0.11599999999999999,0.6733333333333333,-0.002666666666666669,0.4766666666666666,13,6,3
-0.6126666666666666,0.18066666666666667,-0.08600000000000001,0.20114285714285712,0.08428571428571428,0.042,7,20,3
0.1525,-0.075,-0.09000000000000001,0.96,0.794,0.782,7,6,3
-0.08800000000000001,0.044999999999999984,-0.3,0.45299999999999996,-0.33199999999999996,-0.01200000000000001,14,11,3
0.30276923076923073,0.15076923076923077,0.08046153846153845,0.53,-0.084,0.09,41,14,2
0.13599999999999998,-0.238,-0.0695,-0.18333333333333335,0.2753333333333333,0.04066666666666667,24,9,2
0.46649999999999997,-0.064,0.02049999999999999,1.0,0.038,0.346,9,4,3
0.269,-0.068,0.086,0.39799999999999996,-0.14200000000000002,0.13599999999999998,6,7,2
0.40228571428571425,-0.14900000000000002,0.24071428571428574,0.2872,-0.2132,0.1142,40,33,3
0.39866666666666667,-0.252,0.10133333333333333,0.3646666666666667,-0.023333333333333327,0.1436666666666667,10,10,3
0.46399999999999997,-0.321,0.075,0.5124000000000001,0.12040000000000002,0.30679999999999996,9,12,3
0.17966666666666664,-0.232,0.01366666666666668,0.77,0.08,0.562,15,4,3
0.08875000000000001,0.20650000000000002,0.10349999999999998,0.458,-0.32566666666666666,0.38966666666666666,16,13,3
0.03925000000000001,0.17600000000000002,-0.0865,-0.10799999999999998,-0.05066666666666667,-0.07600000000000001,22,16,3
0.244,-0.123,0.05299999999999999,0.12279999999999998,0.0039999999999999775,-0.0556,12,12,3
0.18933333333333333,-0.27199999999999996,-0.09699999999999999,0.36000000000000004,-0.111,0.255,18,20,3
0.12000000000000001,-0.018857142857142867,-0.01428571428571429,0.61675,-0.2895,0.13225,21,23,3
0.09066666666666667,0.0046666666666666705,0.02266666666666667,0.029599999999999994,0.23199999999999998,0.09239999999999997,15,13,2
0.4085,-0.03474999999999999,-0.045250000000000005,0.414,-0.020666666666666667,0.07533333333333332,24,7,3
-0.2237777777777778,0.04266666666666666,-0.12866666666666665,-0.198,0.367,-0.04199999999999998,17,6,2
0.2789411764705883,0.04541176470588237,0.16164705882352942,0.29800000000000004,0.0011999999999999956,0.0268,52,16,3
0.31720000000000004,-0.002400000000000002,-0.057600000000000005,0.38166666666666677,-0.23900000000000002,0.06366666666666664,13,16,3
0.38749999999999996,-0.28700000000000003,0.07999999999999999,0.77,0.08,0.562,7,4,3
0.07650000000000001,-0.041999999999999996,-0.296,0.3934285714285714,0.0537142857142857,0.2831428571428571,13,15,3
0.36533333333333334,-0.2846666666666667,-0.15466666666666665,0.452,-0.27466666666666667,0.13466666666666668,7,8,2
0.39200000000000007,0.10800000000000003,0.10333333333333333,0.6433333333333333,0.03266666666666668,0.15333333333333332,10,7,1
0.536,-0.14650000000000002,0.024000000000000004,0.615,-0.07899999999999999,-0.027999999999999997,17,5,2
0.823,0.735,0.162,0.0013333333333333715,0.3946666666666667,-0.013333333333333327,12,8,2
0.42,0.10600000000000001,0.315,0.702,0.16,0.449,7,7,1
0.27899999999999997,-0.26099999999999995,0.016333333333333335,0.5673333333333334,0.053333333333333344,0.16266666666666668,17,7,2
0.4315,-0.2065,-0.24350000000000002,0.664,-0.0655,-0.04,11,7,3
0.5608,-0.2476,0.09079999999999999,0.865,0.07700000000000001,0.479,18,5,2
0.3913333333333333,-0.228,-0.118,0.5236666666666667,-0.25499999999999995,0.06733333333333334,10,15,3
0.4133333333333334,-0.19266666666666668,0.12,0.6080000000000001,0.10950000000000001,0.154,9,9,2
0.7326666666666667,-0.03799999999999999,0.10333333333333333,0.48,0.188,0.334,7,6,1
0.04200000000000001,-0.277,-0.06899999999999998,0.4624,-0.07880000000000001,0.12440000000000002,10,10,2
0.21079999999999996,-0.18919999999999998,-0.0348,0.12266666666666666,-0.016000000000000004,-0.17333333333333334,14,8,2
0.24,-0.37799999999999995,-0.04866666666666666,0.307,-0.2635,0.040500000000000015,12,11,3
0.657,-0.363,-0.077,0.40199999999999997,-0.00449999999999999,0.2435,7,14,2
0.06466666666666666,0.07433333333333333,0.139,0.1232857142857143,-0.02457142857142858,0.10314285714285717,23,55,3
0.134,-0.09600000000000002,-0.08885714285714287,0.266,-0.06675,0.02624999999999999,26,30,3
0.2668888888888889,0.025555555555555595,0.24466666666666667,0.4946,-0.1912,0.2494,22,28,3
0.5933333333333334,-0.005333333333333338,0.3953333333333333,0.7573333333333334,0.19533333333333336,0.2753333333333334,14,12,3
-0.36799999999999994,0.3246666666666667,-0.36133333333333334,0.062,-0.192,0.156,12,9,2
-0.04849999999999998,0.138,-0.09375000000000001,0.21000000000000002,-0.027999999999999997,0.305,18,9,3
0.3415,-0.0795,0.0615,0.5276666666666666,0.04666666666666667,0.23933333333333331,7,15,3
0.16240000000000002,-0.1876,-0.0956,-0.5609999999999999,0.178,-0.314,9,7,3
-0.0004999999999999796,-0.05199999999999999,0.11850000000000001,-0.125,-0.02500000000000001,0.34199999999999997,13,5,2
0.22933333333333336,0.3046666666666667,0.005333333333333329,-0.378,0.207,-0.145,10,9,3
-0.4668,0.466,-0.22880000000000003,-0.2193333333333333,0.162,-0.05733333333333337,24,6,3
0.5760000000000001,-0.08833333333333336,-0.08166666666666667,-0.23,0.396,-0.136,21,5,2
0.43760000000000004,-0.0504,0.0692,0.469,-0.079,0.028000000000000004,13,9,1
-0.7919999999999999,0.41533333333333333,-0.09600000000000002,0.010399999999999987,-0.16439999999999996,-0.09400000000000001,9,18,2
-0.5519999999999999,0.28733333333333333,-0.23866666666666667,0.43,0.31,0.2253333333333333,12,6,3
0.4208888888888889,-0.042444444444444444,0.0948888888888889,0.50525,-0.07275,0.30250000000000005,18,18,3
0.05199999999999999,-0.217,-0.3165,0.521,-0.14300000000000002,0.201,11,6,1
0.092,-0.16799999999999998,-0.11399999999999999,0.15749999999999997,0.054000000000000006,0.132,16,17,2
0.428,-0.408,0.094,0.18857142857142856,-0.1645714285714286,0.10942857142857143,19,17,3
0.662,-0.04666666666666666,0.3393333333333333,0.058,-0.462,0.116,9,2,2
0.5933333333333334,-0.02466666666666667,0.5513333333333333,0.377,0.09,0.20999999999999996,8,13,1
0.4912857142857142,0.08514285714285712,0.11057142857142857,0.645,0.439,0.3685,35,17,3
0.009999999999999981,-0.082,-0.371,0.11800000000000002,0.261,-0.043,9,6,2
0.502,-0.176,-0.056,0.86,-0.116,0.3,4,5,2
0.616,-0.17840000000000003,0.0748,0.4875999999999999,-0.11499999999999996,0.2786,8,18,3
0.198,-0.4016,-0.1612,-0.015000000000000013,-0.238,-0.407,19,4,3
0.292,-0.18000000000000002,-0.08266666666666665,0.52,-0.191,0.09300000000000003,11,9,3
0.09050000000000001,0.172,-0.1915,0.425,0.1295,0.20825000000000002,9,14,3
0.15633333333333332,-0.23666666666666666,0.12766666666666668,-0.3295,0.2875,-0.01899999999999999,31,11,3
0.3844,-0.2692,0.10800000000000001,0.836,0.686,0.334,11,4,3
-0.10766666666666667,0.020000000000000018,0.013333333333333336,0.634,0.09200000000000001,0.26,17,8,3
0.0848,-0.0712,-0.2024,0.28900000000000003,-0.08399999999999999,0.368,18,7,3
0.182,-0.11171428571428572,-0.06942857142857142,-0.198,0.29500000000000004,-0.07600000000000001,15,6,3
0.368,-0.16599999999999998,0.23480000000000004,0.146,-0.191,-0.194,23,10,3
0.646,0.010000000000000009,0.374,0.7193333333333333,-0.112,0.47666666666666674,4,10,3
0.521,0.009000000000000008,0.246,0.608,-0.18400000000000002,0.21466666666666667,10,10,3
-0.033600000000000005,0.030799999999999994,-0.15919999999999998,0.12422222222222226,-0.15244444444444444,0.024666666666666667,11,21,3
0.0,0.0,0.0,0.11000000000000001,0.015,0.156,1,6,3
0.876,-0.264,0.068,0.5575555555555555,-0.15422222222222223,0.04822222222222223,6,18,3
0.18266666666666667,-0.17599999999999996,-0.01933333333333333,0.2158,-0.11179999999999998,-0.048,13,29,3
0.4306666666666667,-0.21666666666666667,0.052666666666666674,0.7986666666666666,0.18200000000000002,0.454,4,5,3
0.395,-0.413,0.067,0.06400000000000002,-0.3073333333333333,-0.22533333333333336,17,6,1
0.4145,-0.2905,0.271,0.5690000000000001,-0.10066666666666664,0.20133333333333334,7,11,3
0.33885714285714286,-0.34600000000000003,0.011142857142857137,0.918,0.45,0.5,16,5,3
0.34800000000000003,0.013333333333333308,-0.09800000000000002,0.0,0.0,0.0,9,3,2
0.572,-0.184,0.236,0.6044,-0.1424,0.20319999999999996,4,14,2
0.29700000000000004,-0.247,0.006999999999999999,0.48825,0.068,0.12999999999999998,17,25,2
-0.048888888888888885,0.03355555555555557,-0.037777777777777764,0.48,0.188,0.334,23,4,2
0.09899999999999999,-0.15033333333333332,-0.08966666666666667,-0.886,0.791,-0.007999999999999997,16,7,3
0.20249999999999999,-0.14300000000000002,-0.05149999999999999,0.487,-0.32799999999999996,-0.016,12,9,2
0.414,-0.342,-0.010666666666666666,0.26066666666666666,-0.16166666666666668,0.07200000000000001,16,16,3
0.1855,-0.11666666666666665,-0.072,0.032,-0.243,-0.2655,21,12,3
-0.02672727272727271,-0.10909090909090909,-0.22145454545454546,0.6526666666666666,0.3333333333333333,0.49400000000000005,18,9,1
0.696,0.22799999999999998,0.048399999999999985,0.876,-0.264,0.068,14,4,2
0.522,-0.25,0.297,0.323,-0.175,0.1225,9,14,3
0.2172,-0.06840000000000002,0.25639999999999996,0.616,0.251,0.402,18,6,2
0.771,0.235,0.42700000000000005,0.5806666666666667,0.014666666666666661,0.19433333333333333,9,16,3
0.5323333333333333,-0.2813333333333333,0.21066666666666667,0.5734999999999999,0.24600000000000002,0.08750000000000001,21,6,2
0.011333333333333343,-0.1406666666666667,0.045000000000000005,0.02,-0.118,-0.112,14,6,3
0.20244444444444445,-0.08733333333333333,0.049111111111111105,-0.3454285714285715,0.10028571428571428,0.018285714285714294,20,20,2
0.21133333333333337,-0.24066666666666667,-0.01266666666666666,-0.10399999999999998,0.41,0.157,8,9,2
-0.07800000000000001,-0.05639999999999999,-0.12639999999999998,0.18625000000000003,0.066,-0.11524999999999999,10,22,2
0.003333333333333336,0.060666666666666674,-0.09600000000000002,0.5359999999999999,-0.17800000000000002,0.146,6,13,1
0.916,-0.294,0.052,0.43933333333333335,-0.119,-0.16866666666666666,7,12,3
0.17800000000000002,-0.03,-0.25733333333333336,0.3205,-0.31899999999999995,-0.1405,12,17,3
0.2806666666666667,-0.05266666666666666,-0.12733333333333333,0.3713333333333333,-0.19666666666666666,0.06233333333333333,8,11,2
0.1588,0.010399999999999987,0.06239999999999999,0.318,-0.030666666666666672,0.39599999999999996,22,6,1
0.12633333333333333,-0.2483333333333333,0.017666666666666664,0.514,-0.222,0.186,22,5,3
0.6253333333333333,-0.3673333333333333,0.06533333333333334,0.26966666666666667,-0.03500000000000001,0.08566666666666667,11,14,2
0.178,-0.069,-0.0010000000000000009,0.02,-0.118,-0.112,7,4,3
-0.013666666666666669,0.00366666666666667,-0.04466666666666669,0.5165000000000001,-0.07100000000000001,0.23850000000000002,15,10,3
0.5557142857142857,-0.16999999999999998,0.024857142857142852,0.32449999999999996,-0.03200000000000001,0.05499999999999999,18,7,1
-0.23900000000000002,-0.104,-0.329,-0.114,-0.13933333333333334,-0.38466666666666666,6,11,1
-0.09399999999999999,-0.17400000000000002,-0.21266666666666664,0.08299999999999999,0.032,-0.237,10,8,3
0.5660000000000001,-0.22371428571428573,0.17285714285714285,0.255,-0.3405,0.04099999999999998,22,12,3
-0.734,0.132,-0.522,-0.751,0.379,-0.41400000000000003,5,11,3
0.17283333333333337,-0.06699999999999999,0.050166666666666665,0.6726666666666666,-0.2946666666666667,0.17933333333333334,30,7,3
0.476,-0.168,0.41999999999999993,0.03549999999999999,0.08149999999999999,0.047499999999999994,20,11,2
-0.4162857142857143,0.07885714285714286,-0.17657142857142857,0.06280000000000001,-0.052800000000000014,0.08080000000000001,15,17,3
-0.886,0.20600000000000002,-0.619,0.354,0.09999999999999999,-0.137,6,5,1
0.177,-0.2885,-0.154,-0.878,0.642,-0.196,8,8,3
0.5650000000000001,-0.176,0.07599999999999998,0.92,0.22,0.586,12,4,3
0.3202222222222222,-0.12511111111111112,0.1711111111111111,-0.184,0.18960000000000002,0.00279999999999999,26,11,3
0.5848,-0.2096,0.276,0.6855,-0.035500000000000004,0.38050000000000006,12,6,3
0.6970000000000001,-0.247,0.20400000000000001,-0.75,-0.366,-0.618,15,5,2
0.0605,-0.127,-0.248,0.654,-0.66,0.0,12,11,3
-0.069,-0.436,-0.020999999999999998,0.42000000000000004,-0.419,0.023,7,6,1
0.14246153846153845,-0.060615384615384627,0.10292307692307692,0.326,-0.248,0.185,41,18,2
0.24228571428571427,0.22571428571428573,0.2277142857142857,0.0,0.0,0.0,16,1,1
0.474,-0.122,0.32199999999999995,0.6165,0.020000000000000018,0.13,7,9,3
0.5145000000000001,0.08,0.11100000000000002,0.855,-0.14200000000000002,0.116,11,5,3
0.20850000000000002,-0.14600000000000002,0.09099999999999998,0.429,0.15000000000000002,0.493,12,3,1
0.23369230769230764,-0.08661538461538462,-0.02846153846153845,0.31850000000000006,-0.10450000000000001,0.38599999999999995,30,9,2
0.24,0.26849999999999996,0.02600000000000001,0.31,-0.0008571428571428619,0.2397142857142857,17,17,3
0.34800000000000003,-0.18600000000000003,0.006000000000000005,0.034,-0.55,-0.424,12,4,1
0.07599999999999998,-0.27249999999999996,-0.16549999999999998,-0.1385,-0.2515,-0.359,8,7,2
0.27799999999999997,0.16733333333333333,0.09933333333333334,0.12533333333333332,-0.07466666666666666,-0.03533333333333333,11,8,2
0.015199999999999991,-0.02080000000000002,-0.26199999999999996,-0.17319999999999997,0.10840000000000001,-0.29640000000000005,10,11,2
0.20600000000000002,-0.08449999999999999,0.010999999999999996,-0.16533333333333333,0.042,-0.04866666666666667,11,10,1
-0.05733333333333331,0.13466666666666666,-0.044000000000000004,0.04133333333333332,-0.2213333333333333,-0.008666666666666684,7,7,2
0.07050000000000001,-0.29033333333333333,-0.16849999999999996,0.387,-0.41000000000000003,-0.206,30,6,2
0.7285,0.024000000000000007,0.10200000000000001,0.6579999999999999,-0.166,0.28500000000000003,9,7,2
-0.2723999999999999,0.2232,0.1976,-0.18133333333333335,0.042666666666666665,-0.36866666666666664,10,11,3
0.625,-0.020000000000000004,0.191,0.562,0.66,0.746,8,5,1
0.332,-0.1288,-0.14520000000000002,0.366,-0.03224999999999998,0.08324999999999999,20,21,3
0.2926666666666667,-0.026000000000000006,0.3373333333333333,0.46080000000000004,0.12560000000000004,0.1692,11,9,3
0.14600000000000002,-0.21733333333333335,-0.06,0.573,-0.077,0.196,7,5,2
-0.11479999999999997,-0.1856,-0.304,0.23720000000000002,-0.13000000000000003,-0.11599999999999999,14,13,3
0.23933333333333331,-0.39999999999999997,-0.03600000000000001,0.6472,-0.024,0.33999999999999997,6,11,3
-0.21900000000000003,-0.24300000000000002,-0.509,-0.53,0.64,-0.574,6,5,3
0.32266666666666666,-0.05466666666666666,0.21133333333333335,0.5,0.268,0.17500000000000002,8,10,3
0.06288888888888887,0.0015555555555555446,-0.058444444444444445,-0.253,0.10300000000000001,-0.46799999999999997,24,10,3
0.06519999999999998,-0.2084,-0.1688,0.746,0.07900000000000001,0.381,15,9,3
0.013777777777777778,-0.01755555555555556,-0.018000000000000006,0.422,0.084,0.13666666666666666,22,8,1
-0.2425,-0.0665,-0.188,0.10400000000000001,0.026000000000000023,-0.024500000000000008,9,12,3
-0.087,0.01860000000000001,-0.04740000000000001,-0.75,0.25,-0.254,29,4,1
0.20400000000000001,0.11499999999999999,-0.08299999999999999,0.5332,-0.0256,0.30879999999999996,9,10,3
-0.022666666666666682,-0.11866666666666666,-0.21533333333333335,0.19399999999999998,-0.4626666666666666,-0.004666666666666662,9,7,1
0.11800000000000001,0.18257142857142855,-0.0017142857142857157,0.47933333333333333,0.06700000000000002,0.35933333333333345,19,10,2
